URL,TITLE,PRICE PER MONTH
https://www.pararius.com/apartment-for-rent/amsterdam/7d6f12d2/eerste-jan-van-der-heijdenstraat,Flat Eerste Jan van der Heijdenstraat 126 H,2950
https://www.pararius.com/apartment-for-rent/amsterdam/9d07801b/van-breestraat,Flat Van Breestraat 191 H,12500
https://www.pararius.com/apartment-for-rent/amsterdam/768cbd17/nieuwe-keizersgracht,Flat Nieuwe Keizersgracht,2350
https://www.pararius.com/apartment-for-rent/amsterdam/e6211d59/overtoom,Flat Overtoom,2000
https://www.pararius.com/apartment-for-rent/amsterdam/273be3a7/warmoesstraat,Flat Warmoesstraat,1800
https://www.pararius.com/apartment-for-rent/amsterdam/a0854a77/oudezijds-achterburgwal,Flat Oudezijds Achterburgwal,2250
https://www.pararius.com/apartment-for-rent/amsterdam/4adb3d4a/overtoom,Flat Overtoom,2050
https://www.pararius.com/apartment-for-rent/amsterdam/6e78ba9c/maagdenpalmstraat,Flat Maagdenpalmstraat,2850
https://www.pararius.com/apartment-for-rent/amsterdam/334a27b7/ridderspoorweg,Flat Ridderspoorweg,1850
https://www.pararius.com/apartment-for-rent/amsterdam/d1feca53/marnixstraat,Flat Marnixstraat,2090
https://www.pararius.com/apartment-for-rent/amsterdam/694d388b/spuistraat,Flat Spuistraat,2300
https://www.pararius.com/apartment-for-rent/amsterdam/3c3833a9/generaal-vetterstraat,Flat Generaal Vetterstraat,2650
https://www.pararius.com/apartment-for-rent/amsterdam/2201c745/hoofddorpplein,Flat Hoofddorpplein,2250
https://www.pararius.com/apartment-for-rent/amsterdam/5c410ea7/amstelveenseweg,Flat Amstelveenseweg,3350
https://www.pararius.com/apartment-for-rent/amsterdam/e4e9b3d5/van-ollefenstraat,Flat Van Ollefenstraat,1650
https://www.pararius.com/apartment-for-rent/amsterdam/f1d7803d/derde-oosterparkstraat,Flat Derde Oosterparkstraat 70 1,1900
https://www.pararius.com/apartment-for-rent/amsterdam/3c8b0648/westlandgracht,Flat Westlandgracht,1850
https://www.pararius.com/apartment-for-rent/amsterdam/85d55bbc/keizersgracht,Flat Keizersgracht 138 F,3500
https://www.pararius.com/house-for-rent/amsterdam/670de2f8/cannenburg,House Cannenburg,7500
https://www.pararius.com/apartment-for-rent/amsterdam/0ab79db9/vondelstraat,Flat Vondelstraat,2400
https://www.pararius.com/studio-for-rent/amsterdam/5e99da71/bolestein,Studio Bolestein 546,1700
https://www.pararius.com/en/project/amsterdam/739562fd/the-bow/2-kamer-appartement,,1.080 - 1.530
https://www.pararius.com/en/project/amsterdam/9ccb8ddb/the-bow/3-kamer-appartement,,1.565 - 2.245
https://www.pararius.com/en/project/amsterdam/412d5889/the-bow/4-kamer-appartement,,1.810 - 1.940
https://www.pararius.com/apartment-for-rent/amsterdam/4cf697c0/omval,Flat Omval 42,2400
https://www.pararius.com/apartment-for-rent/amsterdam/cf88b101/brouwersgracht,Flat Brouwersgracht 6 B,2450
https://www.pararius.com/apartment-for-rent/amsterdam/3c18304a/brouwersgracht,Flat Brouwersgracht 248 A,2050
https://www.pararius.com/apartment-for-rent/amsterdam/12c37395/bankastraat,Flat Bankastraat,2100
https://www.pararius.com/apartment-for-rent/amsterdam/1c2ee164/schipluidenlaan,Flat Schipluidenlaan 32,1490
https://www.pararius.com/apartment-for-rent/amsterdam/8c469681/lucellestraat,Flat Lucellestraat,2100
https://www.pararius.com/apartment-for-rent/amsterdam/e781fe43/ruysdaelstraat,Flat Ruysdaelstraat 97 4,2450
https://www.pararius.com/apartment-for-rent/amsterdam/1f92d9eb/tweede-jan-steenstraat,Flat Tweede Jan Steenstraat,2250
https://www.pararius.com/apartment-for-rent/amsterdam/9d07801b/van-breestraat,Flat Van Breestraat 191 H,12500
https://www.pararius.com/apartment-for-rent/amsterdam/74de917f/bilderdijkkade,Flat Bilderdijkkade 50 D5,3350
https://www.pararius.com/apartment-for-rent/amsterdam/3457b358/amstelkade,Flat Amstelkade 142 3,2075
https://www.pararius.com/apartment-for-rent/amsterdam/3a06e35c/henrick-de-keijserplein,Flat Henrick de Keijserplein,2950
https://www.pararius.com/apartment-for-rent/amsterdam/c4dcd02d/schinkelkade,Flat Schinkelkade 67 D 5,1525
https://www.pararius.com/apartment-for-rent/amsterdam/cdd87aa4/vaartstraat,Flat Vaartstraat 36 2,1900
https://www.pararius.com/apartment-for-rent/amsterdam/0666a282/schweigmannstraat,Flat Schweigmannstraat 13 a,2250
https://www.pararius.com/apartment-for-rent/amsterdam/077527e4/haarlemmerweg,Flat Haarlemmerweg 259 B,2250
https://www.pararius.com/apartment-for-rent/amsterdam/a76ff6a5/kalverstraat,Flat Kalverstraat,3100
https://www.pararius.com/apartment-for-rent/amsterdam/77d9a878/omval,Flat Omval,2500
https://www.pararius.com/apartment-for-rent/amsterdam/e2b4f033/dijkgraafplein,Flat Dijkgraafplein,1950
https://www.pararius.com/apartment-for-rent/amsterdam/036f83f1/marnixkade,Flat Marnixkade,3000
https://www.pararius.com/apartment-for-rent/amsterdam/1d97e6a9/oostenburgergracht,Flat Oostenburgergracht 57 1,2450
https://www.pararius.com/apartment-for-rent/amsterdam/db2d2365/rustenburgerstraat,Flat Rustenburgerstraat,2400
https://www.pararius.com/apartment-for-rent/amsterdam/ac43156e/nieuwezijds-voorburgwal,Flat Nieuwezijds Voorburgwal,2500
https://www.pararius.com/apartment-for-rent/amsterdam/20344104/nieuwezijds-voorburgwal,Flat Nieuwezijds Voorburgwal,2150
https://www.pararius.com/apartment-for-rent/amsterdam/da5038ec/nieuwezijds-voorburgwal,Flat Nieuwezijds Voorburgwal,2750
https://www.pararius.com/apartment-for-rent/amsterdam/dc86d386/keizersgracht,Flat Keizersgracht,3200
https://www.pararius.com/apartment-for-rent/amsterdam/23a2611f/keizersgracht,Flat Keizersgracht 111 souter.,2000
https://www.pararius.com/apartment-for-rent/amsterdam/aa9a180c/gustav-mahlerlaan,Flat Gustav Mahlerlaan 25 M,1675
https://www.pararius.com/apartment-for-rent/amsterdam/d1ac3046/keizersgracht,Flat Keizersgracht,4900
https://www.pararius.com/apartment-for-rent/amsterdam/b1e55581/nieuwe-looiersstraat,Flat Nieuwe Looiersstraat 122 C,1850
https://www.pararius.com/apartment-for-rent/amsterdam/5665dc0b/carolina-macgillavrylaan,Flat Carolina MacGillavrylaan,2250
https://www.pararius.com/apartment-for-rent/amsterdam/a80490ff/cornelis-van-rijplantsoen,Flat Cornelis van Rijplantsoen 16,2250
https://www.pararius.com/apartment-for-rent/amsterdam/b77a272c/brouwersgracht,Flat Brouwersgracht 182 H,1900
https://www.pararius.com/apartment-for-rent/amsterdam/0d804bdb/postjeskade,Flat Postjeskade,1875
https://www.pararius.com/apartment-for-rent/amsterdam/c7ad0415/lauriergracht,Flat Lauriergracht 111 1,2500
https://www.pararius.com/house-for-rent/amsterdam/654186cf/vijverhoef,House Vijverhoef 42,3450
https://www.pararius.com/apartment-for-rent/amsterdam/0b0eadd1/haparandaweg,Flat Haparandaweg,1750
https://www.pararius.com/apartment-for-rent/amsterdam/f1193570/veerstraat,Flat Veerstraat,2150
https://www.pararius.com/apartment-for-rent/amsterdam/3cb0e9b9/leidsekade,Flat Leidsekade 100 F,2250
https://www.pararius.com/apartment-for-rent/amsterdam/4c2a2b39/leidsekade,Flat Leidsekade 101 B,2500
https://www.pararius.com/apartment-for-rent/amsterdam/89b48cb2/reyer-anslostraat,Flat Reyer Anslostraat 18 huis,3400
https://www.pararius.com/apartment-for-rent/amsterdam/9d07801b/van-breestraat,Flat Van Breestraat 191 H,12500
https://www.pararius.com/apartment-for-rent/amsterdam/0899e4d8/jan-evertsenstraat,Flat Jan Evertsenstraat,1950
https://www.pararius.com/apartment-for-rent/amsterdam/ea6e2390/olof-palmeplein,Flat Olof Palmeplein 69,1700
https://www.pararius.com/apartment-for-rent/amsterdam/c1aa8b8b/ijdoornlaan,Flat IJdoornlaan,1400
https://www.pararius.com/apartment-for-rent/amsterdam/033a6427/herengracht,Flat Herengracht 132 C,12000
https://www.pararius.com/apartment-for-rent/amsterdam/5a3777fa/hoofdweg,Flat Hoofdweg,2300
https://www.pararius.com/apartment-for-rent/amsterdam/63a3950f/wijdesteeg,Flat Wijdesteeg,2250
https://www.pararius.com/apartment-for-rent/amsterdam/bedefdd7/galastraat,Flat Galastraat,2800
https://www.pararius.com/apartment-for-rent/amsterdam/3a37d45a/minervaplein,Flat Minervaplein,2700
https://www.pararius.com/apartment-for-rent/amsterdam/eab71bbf/gerard-doustraat,Flat Gerard Doustraat 69 B,1950
https://www.pararius.com/apartment-for-rent/amsterdam/1cfc7f2f/elisabeth-wolffstraat,Flat Elisabeth Wolffstraat,2150
https://www.pararius.com/apartment-for-rent/amsterdam/07a0efa9/korte-ouderkerkerdijk,Flat Korte Ouderkerkerdijk 1 R2,3250
https://www.pararius.com/apartment-for-rent/amsterdam/59647407/krommertstraat,Flat Krommertstraat 8 G,1750
https://www.pararius.com/apartment-for-rent/amsterdam/68662ab3/van-nijenrodeweg,Flat Van Nijenrodeweg,2295
https://www.pararius.com/apartment-for-rent/amsterdam/d1fa3aa2/van-boshuizenstraat,Flat Van Boshuizenstraat,1950
https://www.pararius.com/apartment-for-rent/amsterdam/e472f213/spinozastraat,Flat Spinozastraat,2350
https://www.pararius.com/apartment-for-rent/amsterdam/782133f2/koningsplein,Flat Koningsplein 10 M,2750
https://www.pararius.com/apartment-for-rent/amsterdam/c2ee4943/raoul-wallenbergstraat,Flat Raoul Wallenbergstraat 133,1850
https://www.pararius.com/apartment-for-rent/amsterdam/bc190c46/lumeijstraat,Flat Lumeijstraat,2100
https://www.pararius.com/apartment-for-rent/amsterdam/979cb863/fokke-simonszstraat,Flat Fokke Simonszstraat,1850
https://www.pararius.com/apartment-for-rent/amsterdam/605ef3f2/kinkerstraat,Flat Kinkerstraat 374 1,2000
https://www.pararius.com/apartment-for-rent/amsterdam/a4ce9622/van-heemskerckstraat,Flat Van Heemskerckstraat,1975
https://www.pararius.com/apartment-for-rent/amsterdam/81e059fd/haarlemmerweg,Flat Haarlemmerweg,2000
https://www.pararius.com/apartment-for-rent/amsterdam/d932b2cb/rapenburg,Flat Rapenburg 42 B,2000
https://www.pararius.com/apartment-for-rent/amsterdam/ab7b9cbc/b-merkelbachsingel,Flat B. Merkelbachsingel 259,2400
https://www.pararius.com/house-for-rent/amsterdam/1a92d8b5/zwanebloemlaan,House Zwanebloemlaan 250,2500
https://www.pararius.com/apartment-for-rent/amsterdam/ea72fbf4/hemonystraat,Flat Hemonystraat 66 3,2100
https://www.pararius.com/apartment-for-rent/amsterdam/466c109c/hemonystraat,Flat Hemonystraat 66 H,3250
https://www.pararius.com/apartment-for-rent/amsterdam/5b565f7f/rokin,Flat Rokin,2850
https://www.pararius.com/apartment-for-rent/amsterdam/336a583a/spui,Flat Spui,2100
https://www.pararius.com/apartment-for-rent/amsterdam/8c241966/oostenburgerpark,Flat Oostenburgerpark 168,1850
https://www.pararius.com/apartment-for-rent/amsterdam/74de917f/bilderdijkkade,Flat Bilderdijkkade 50 D5,3350
https://www.pararius.com/apartment-for-rent/amsterdam/75d85987/jan-vrijmanstraat,Flat Jan Vrijmanstraat 337,2377
https://www.pararius.com/apartment-for-rent/amsterdam/eac8f115/mary-van-der-sluisstraat,Flat Mary van der Sluisstraat 344,2100
https://www.pararius.com/apartment-for-rent/amsterdam/4d6a0982/griseldestraat,Flat Griseldestraat,2000
https://www.pararius.com/studio-for-rent/amsterdam/13f8cc99/welnastraat,Studio Welnastraat,1500
https://www.pararius.com/apartment-for-rent/amsterdam/891cf24a/ruyschstraat,Flat Ruyschstraat,2450
https://www.pararius.com/apartment-for-rent/amsterdam/56eb2d70/van-baerlestraat,Flat Van Baerlestraat,2250
https://www.pararius.com/apartment-for-rent/amsterdam/983ae44d/hogeweg,Flat Hogeweg,2150
https://www.pararius.com/apartment-for-rent/amsterdam/ee4742b6/van-oldenbarneveldtstraat,Flat Van Oldenbarneveldtstraat,2450
https://www.pararius.com/apartment-for-rent/amsterdam/61741ef5/maasstraat,Flat Maasstraat,2500
https://www.pararius.com/house-for-rent/amsterdam/d3f19533/frankenstraat,House Frankenstraat 14,2750
https://www.pararius.com/apartment-for-rent/amsterdam/d7e2d62d/silodam,Flat Silodam 447 7,2300
https://www.pararius.com/apartment-for-rent/amsterdam/8078c1c2/van-woustraat,Flat Van Woustraat,2450
https://www.pararius.com/apartment-for-rent/amsterdam/4ea7fc75/gelrestraat,Flat Gelrestraat,2000
https://www.pararius.com/apartment-for-rent/amsterdam/863d3081/zeeburgerpad,Flat Zeeburgerpad,1850
https://www.pararius.com/apartment-for-rent/amsterdam/f4573d34/van-woustraat,Flat Van Woustraat,1700
https://www.pararius.com/apartment-for-rent/amsterdam/06deef3b/badhuiskade,Flat Badhuiskade 213,2400
https://www.pararius.com/apartment-for-rent/amsterdam/d4ae2888/dirk-hartoghstraat,Flat Dirk Hartoghstraat,1695
https://www.pararius.com/apartment-for-rent/amsterdam/fd4cc87d/lijnbaansgracht,Flat Lijnbaansgracht,2900
https://www.pararius.com/apartment-for-rent/amsterdam/27520037/george-gershwinlaan,Flat George Gershwinlaan,4250
https://www.pararius.com/apartment-for-rent/amsterdam/b6c91aee/gerard-doustraat,Flat Gerard Doustraat,2050
https://www.pararius.com/apartment-for-rent/amsterdam/d58bd09e/bertrand-russellstraat,Flat Bertrand Russellstraat,2200
https://www.pararius.com/apartment-for-rent/amsterdam/799f3bae/marnixstraat,Flat Marnixstraat 319 D,1950
https://www.pararius.com/apartment-for-rent/amsterdam/bb574d46/gouden-leeuw,Flat Gouden Leeuw,2350
https://www.pararius.com/apartment-for-rent/amsterdam/a9860f01/chassestraat,Flat Chasséstraat,1750
https://www.pararius.com/apartment-for-rent/amsterdam/13084186/kattenburgerhof,Flat Kattenburgerhof,2450
https://www.pararius.com/house-for-rent/amsterdam/717138e4/ukkelhof,House Ukkelhof,2650
https://www.pararius.com/apartment-for-rent/amsterdam/815c2b07/willem-parelstraat,Flat Willem Parelstraat 260,1995
https://www.pararius.com/apartment-for-rent/amsterdam/30652ff6/govert-flinckstraat,Flat Govert Flinckstraat,2150
https://www.pararius.com/apartment-for-rent/amsterdam/47f7879a/boris-pasternakstraat,Flat Boris Pasternakstraat,1500
https://www.pararius.com/apartment-for-rent/amsterdam/27d655e2/dick-greinerstraat,Flat Dick Greinerstraat 58 I,1957
https://www.pararius.com/apartment-for-rent/amsterdam/c05a1d0e/prinsengracht,Flat Prinsengracht,2000
https://www.pararius.com/apartment-for-rent/amsterdam/7d6f12d2/eerste-jan-van-der-heijdenstraat,Flat Eerste Jan van der Heijdenstraat 126 H,2950
https://www.pararius.com/apartment-for-rent/amsterdam/74de917f/bilderdijkkade,Flat Bilderdijkkade 50 D5,3350
https://www.pararius.com/apartment-for-rent/amsterdam/07699c9a/van-leijenberghlaan,Flat Van Leijenberghlaan 2 E,3300
https://www.pararius.com/apartment-for-rent/amsterdam/d5e23998/orteliusstraat,Flat Orteliusstraat 285 H,2150
https://www.pararius.com/apartment-for-rent/amsterdam/1954d790/herengracht,Flat Herengracht,2350
https://www.pararius.com/apartment-for-rent/amsterdam/2a11f004/sint-nicolaasstraat,Flat Sint Nicolaasstraat 2 A,1500
https://www.pararius.com/apartment-for-rent/amsterdam/36bcd6cd/willemsparkweg,Flat Willemsparkweg 213 3,3250
https://www.pararius.com/house-for-rent/amsterdam/6be9873b/j-p-kloosstraat,House J.P. Kloosstraat,3000
https://www.pararius.com/apartment-for-rent/amsterdam/e7fc068d/valeriusstraat,Flat Valeriusstraat 20 II,4500
https://www.pararius.com/apartment-for-rent/amsterdam/be2099ac/ceintuurbaan,Flat Ceintuurbaan,2475
https://www.pararius.com/apartment-for-rent/amsterdam/73f07401/rooseveltlaan,Flat Rooseveltlaan,2195
https://www.pararius.com/apartment-for-rent/amsterdam/e7d8fdc7/prins-hendrikkade,Flat Prins Hendrikkade 129 4V,2150
https://www.pararius.com/apartment-for-rent/amsterdam/ce16e425/van-leijenberghlaan,Flat Van Leijenberghlaan 2 E,3300
https://www.pararius.com/apartment-for-rent/amsterdam/da90ab57/columbusplein,Flat Columbusplein 20,3250
https://www.pararius.com/apartment-for-rent/amsterdam/997444d9/govert-flinckstraat,Flat Govert Flinckstraat 390 2,2400
https://www.pararius.com/apartment-for-rent/amsterdam/9756155d/president-kennedylaan,Flat President Kennedylaan,1895
https://www.pararius.com/apartment-for-rent/amsterdam/240fa184/vierwindenstraat,Flat Vierwindenstraat,2500
https://www.pararius.com/apartment-for-rent/amsterdam/f703cd02/roerstraat,Flat Roerstraat,2150
https://www.pararius.com/apartment-for-rent/amsterdam/d90d94c3/van-eeghenstraat,Flat Van Eeghenstraat,6000
https://www.pararius.com/apartment-for-rent/amsterdam/a169c61b/weteringschans,Flat Weteringschans,2750
https://www.pararius.com/apartment-for-rent/amsterdam/f9d46ce2/laurierstraat,Flat Laurierstraat,2500
https://www.pararius.com/apartment-for-rent/amsterdam/01fc02d6/tollensstraat,Flat Tollensstraat,1500
https://www.pararius.com/apartment-for-rent/amsterdam/2f4ddae9/oudezijds-armsteeg,Flat Oudezijds Armsteeg,2250
https://www.pararius.com/apartment-for-rent/amsterdam/c6dfaa82/waalstraat,Flat Waalstraat,2950
https://www.pararius.com/apartment-for-rent/amsterdam/8cc7a433/kloveniersburgwal,Flat Kloveniersburgwal 125 2,1950
https://www.pararius.com/house-for-rent/amsterdam/4037aa39/ijsbaanpad,House IJsbaanpad,2275
https://www.pararius.com/apartment-for-rent/amsterdam/98ef980f/runstraat,Flat Runstraat 14 II,1900
https://www.pararius.com/apartment-for-rent/amsterdam/4d1e3c12/leo-smitstraat,Flat Leo Smitstraat,1900
https://www.pararius.com/apartment-for-rent/amsterdam/3c2fa11e/bijlmerdreef,Flat Bijlmerdreef,2050
https://www.pararius.com/apartment-for-rent/amsterdam/196a55f5/john-blankensteinstraat,Flat John Blankensteinstraat,2700
https://www.pararius.com/apartment-for-rent/amsterdam/3f617779/vincent-van-goghstraat,Flat Vincent van Goghstraat 198,2100
https://www.pararius.com/apartment-for-rent/amsterdam/ef4b7f7e/hudsonstraat,Flat Hudsonstraat,2300
https://www.pararius.com/apartment-for-rent/amsterdam/7d6f12d2/eerste-jan-van-der-heijdenstraat,Flat Eerste Jan van der Heijdenstraat 126 H,2950
https://www.pararius.com/apartment-for-rent/amsterdam/6dd55a80/westerkade,Flat Westerkade,2250
https://www.pararius.com/apartment-for-rent/amsterdam/01c8af7f/papaverhof,Flat Papaverhof,2500
https://www.pararius.com/apartment-for-rent/amsterdam/b1aad07d/valeriusstraat,Flat Valeriusstraat 6 II,1950
https://www.pararius.com/apartment-for-rent/amsterdam/210f2642/jan-luijkenstraat,Flat Jan Luijkenstraat,2750
https://www.pararius.com/apartment-for-rent/amsterdam/6666ee66/backershagen,Flat Backershagen,2650
https://www.pararius.com/apartment-for-rent/amsterdam/c5a90fc5/jan-luijkenstraat,Flat Jan Luijkenstraat,2150
https://www.pararius.com/apartment-for-rent/amsterdam/66880908/oudeschans,Flat Oudeschans,2250
https://www.pararius.com/apartment-for-rent/amsterdam/360a75a3/legmeerstraat,Flat Legmeerstraat,1950
https://www.pararius.com/house-for-rent/amsterdam/b7d9f922/herengracht,House Herengracht 16,7000
https://www.pararius.com/apartment-for-rent/amsterdam/d6ab2f10/jacob-van-lennepkade,Flat Jacob van Lennepkade,2000
https://www.pararius.com/apartment-for-rent/amsterdam/8e89e621/eerste-jan-van-der-heijdenstraat,Flat Eerste Jan van der Heijdenstraat,1550
https://www.pararius.com/apartment-for-rent/amsterdam/aa298628/radarweg,Flat Radarweg,2000
https://www.pararius.com/apartment-for-rent/amsterdam/1b63e4ae/van-baerlestraat,Flat Van Baerlestraat 1 3A,2500
https://www.pararius.com/apartment-for-rent/amsterdam/467d3e47/radarweg,Flat Radarweg,2650
https://www.pararius.com/apartment-for-rent/amsterdam/9bba5f5c/jan-van-galenstraat,Flat Jan van Galenstraat,1895
https://www.pararius.com/apartment-for-rent/amsterdam/53b330a0/albatrospad,Flat Albatrospad 142,2950
https://www.pararius.com/apartment-for-rent/amsterdam/55edfce9/nassaukade,Flat Nassaukade,2195
https://www.pararius.com/apartment-for-rent/amsterdam/6ae3244f/hogeweg,Flat Hogeweg,2000
https://www.pararius.com/apartment-for-rent/amsterdam/7a1e19a1/lomanstraat,Flat Lomanstraat,1525
https://www.pararius.com/apartment-for-rent/amsterdam/6e7227ec/vrolikstraat,Flat Vrolikstraat 471,2300
https://www.pararius.com/apartment-for-rent/amsterdam/3c5521bd/herengracht,Flat Herengracht 48 2,2600
https://www.pararius.com/apartment-for-rent/amsterdam/e2a331d2/nieuwe-achtergracht,Flat Nieuwe Achtergracht 105 1,2000
https://www.pararius.com/apartment-for-rent/amsterdam/29447dbf/oudezijds-voorburgwal,Flat Oudezijds Voorburgwal 32 B,1900
https://www.pararius.com/apartment-for-rent/amsterdam/44955ace/lanseloetstraat,Flat Lanseloetstraat 19 1,1750
https://www.pararius.com/apartment-for-rent/amsterdam/b706a7ca/wouwermanstraat,Flat Wouwermanstraat,3500
https://www.pararius.com/apartment-for-rent/amsterdam/d87649f6/fokke-simonszstraat,Flat Fokke Simonszstraat,3900
https://www.pararius.com/apartment-for-rent/amsterdam/60b8c32a/balthasar-floriszstraat,Flat Balthasar Floriszstraat 59 1,1690
https://www.pararius.com/apartment-for-rent/amsterdam/17896833/lauriergracht,Flat Lauriergracht 109 4,4750
https://www.pararius.com/apartment-for-rent/amsterdam/d453217f/van-heemskerckstraat,Flat Van Heemskerckstraat,3450
https://www.pararius.com/apartment-for-rent/amsterdam/d86166c3/joos-banckersweg,Flat Joos Banckersweg,1800
https://www.pararius.com/apartment-for-rent/amsterdam/27033726/hoofdweg,Flat Hoofdweg,2000
https://www.pararius.com/apartment-for-rent/amsterdam/7d6f12d2/eerste-jan-van-der-heijdenstraat,Flat Eerste Jan van der Heijdenstraat 126 H,2950
https://www.pararius.com/apartment-for-rent/amsterdam/74de917f/bilderdijkkade,Flat Bilderdijkkade 50 D5,3350
https://www.pararius.com/house-for-rent/amsterdam/2979880c/bijlmerdreef,House Bijlmerdreef,2400
https://www.pararius.com/apartment-for-rent/amsterdam/8562d0ec/kerkstraat,Flat Kerkstraat 121 10,1575
https://www.pararius.com/apartment-for-rent/amsterdam/cd1be27b/kerkstraat,Flat Kerkstraat 121 7,1575
https://www.pararius.com/apartment-for-rent/amsterdam/45e12226/tweede-helmersstraat,Flat Tweede Helmersstraat 22 2,2200
https://www.pararius.com/apartment-for-rent/amsterdam/6cec3c56/sint-agnietenstraat,Flat Sint Agnietenstraat 18,2850
https://www.pararius.com/apartment-for-rent/amsterdam/60f8bbd8/groenburgwal,Flat Groenburgwal,3500
https://www.pararius.com/apartment-for-rent/amsterdam/069f01ac/dintelstraat,Flat Dintelstraat 52 I,2750
https://www.pararius.com/apartment-for-rent/amsterdam/b31500e0/nieuwe-herengracht,Flat Nieuwe Herengracht,1650
https://www.pararius.com/apartment-for-rent/amsterdam/fc3e617a/hoofdweg,Flat Hoofdweg 63 H,5000
https://www.pararius.com/apartment-for-rent/amsterdam/0055217e/aalsmeerweg,Flat Aalsmeerweg 81 4,1750
https://www.pararius.com/apartment-for-rent/amsterdam/2e86aa60/balistraat,Flat Balistraat 119 B,1950
https://www.pararius.com/apartment-for-rent/amsterdam/ce6f1205/van-tuyll-van-serooskerkenweg,Flat Van Tuyll van Serooskerkenweg,2650
https://www.pararius.com/apartment-for-rent/amsterdam/969caeed/ceintuurbaan,Flat Ceintuurbaan,2475
https://www.pararius.com/apartment-for-rent/amsterdam/6c542d66/javastraat,Flat Javastraat,2150
https://www.pararius.com/apartment-for-rent/amsterdam/e4bb91fb/rijnstraat,Flat Rijnstraat,2650
https://www.pararius.com/apartment-for-rent/amsterdam/fdbe5a7c/wijnand-nuijenstraat,Flat Wijnand Nuijenstraat,1850
https://www.pararius.com/apartment-for-rent/amsterdam/b6685356/wilhelminastraat,Flat Wilhelminastraat,1950
https://www.pararius.com/apartment-for-rent/amsterdam/da288ea3/bartholomeus-diazstraat,Flat Bartholomeus Diazstraat,2000
https://www.pararius.com/apartment-for-rent/amsterdam/920bd050/martin-vlaarkade,Flat Martin Vlaarkade,1325
https://www.pararius.com/apartment-for-rent/amsterdam/2ed9ed54/cas-oorthuyskade,Flat Cas Oorthuyskade,2400
https://www.pararius.com/apartment-for-rent/amsterdam/cfcfeb8a/de-rijpgracht,Flat De Rijpgracht 10 H,2350
https://www.pararius.com/apartment-for-rent/amsterdam/d2c81a2e/gustav-mahlerplein,Flat Gustav Mahlerplein 207,2700
https://www.pararius.com/apartment-for-rent/amsterdam/93180e1a/overtoom,Flat Overtoom,2895
https://www.pararius.com/apartment-for-rent/amsterdam/f97772ff/eerste-jan-steenstraat,Flat Eerste Jan Steenstraat,1950
https://www.pararius.com/apartment-for-rent/amsterdam/afd1b347/eerste-weteringdwarsstraat,Flat Eerste Weteringdwarsstraat,2425
https://www.pararius.com/apartment-for-rent/amsterdam/2cad08d4/singel,Flat Singel,2950
https://www.pararius.com/apartment-for-rent/amsterdam/39338e15/daniel-stalpertstraat,Flat Daniël Stalpertstraat,2000
https://www.pararius.com/apartment-for-rent/amsterdam/2df6fa0e/dickenslaan,Flat Dickenslaan,2200
https://www.pararius.com/apartment-for-rent/amsterdam/7e58d4b5/j-s-ruppertstraat,Flat J.S. Ruppertstraat,1400
https://www.pararius.com/apartment-for-rent/amsterdam/b1079309/soetendaal,Flat Soetendaal,3350
https://www.pararius.com/apartment-for-rent/amsterdam/6dd55a80/westerkade,Flat Westerkade,2250
https://www.pararius.com/apartment-for-rent/amsterdam/75d85987/jan-vrijmanstraat,Flat Jan Vrijmanstraat 337,2377
https://www.pararius.com/apartment-for-rent/amsterdam/6a88d4a5/cornelis-dirkszstraat,Flat Cornelis Dirkszstraat,1850
https://www.pararius.com/apartment-for-rent/amsterdam/3f8d2b33/anna-blamansingel,Flat Anna Blamansingel 207,1600
https://www.pararius.com/apartment-for-rent/amsterdam/30e1a485/stuyvesantstraat,Flat Stuyvesantstraat 38 IV,1800
https://www.pararius.com/apartment-for-rent/amsterdam/851c8aef/nieuwe-achtergracht,Flat Nieuwe Achtergracht 4 F,2450
https://www.pararius.com/apartment-for-rent/amsterdam/54a2beeb/discusstraat,Flat Discusstraat 13 1,1500
https://www.pararius.com/apartment-for-rent/amsterdam/f33163bc/eerste-schinkelstraat,Flat Eerste Schinkelstraat 5 H,1850
https://www.pararius.com/apartment-for-rent/amsterdam/18af3503/pontanusstraat,Flat Pontanusstraat 10,2500
https://www.pararius.com/apartment-for-rent/amsterdam/15e76b6b/nickeriestraat,Flat Nickeriestraat,2050
https://www.pararius.com/apartment-for-rent/amsterdam/9349c20e/willem-parelstraat,Flat Willem Parelstraat 284,1995
https://www.pararius.com/apartment-for-rent/amsterdam/be3bb701/gerard-doustraat,Flat Gerard Doustraat 11 1,1775
https://www.pararius.com/apartment-for-rent/amsterdam/3ed87d0b/narva-eiland,Flat Narva-eiland,4750
https://www.pararius.com/apartment-for-rent/amsterdam/5c7987b0/nassaukade,Flat Nassaukade 72 H,3250
https://www.pararius.com/apartment-for-rent/amsterdam/4d4f11f5/rijnstraat,Flat Rijnstraat,2750
https://www.pararius.com/apartment-for-rent/amsterdam/b8428686/gerrit-van-der-veenstraat,Flat Gerrit van der Veenstraat 41 H,3750
https://www.pararius.com/apartment-for-rent/amsterdam/02b96bc1/czaar-peterstraat,Flat Czaar Peterstraat 23 E,2350
https://www.pararius.com/apartment-for-rent/amsterdam/97fadded/czaar-peterstraat,Flat Czaar Peterstraat 23 D,2350
https://www.pararius.com/apartment-for-rent/amsterdam/285e4de4/czaar-peterstraat,Flat Czaar Peterstraat 23 F,2250
https://www.pararius.com/apartment-for-rent/amsterdam/1c5bd5cf/czaar-peterstraat,Flat Czaar Peterstraat 23 C,1950
https://www.pararius.com/apartment-for-rent/amsterdam/c120a842/czaar-peterstraat,Flat Czaar Peterstraat 23 A,2350
https://www.pararius.com/apartment-for-rent/amsterdam/cca0c237/czaar-peterstraat,Flat Czaar Peterstraat 23 B,2350
https://www.pararius.com/apartment-for-rent/amsterdam/8c974d2d/kortenaerstraat,Flat Kortenaerstraat,2750
https://www.pararius.com/apartment-for-rent/amsterdam/91271b71/gustav-mahlerlaan,Flat Gustav Mahlerlaan 311,2950
https://www.pararius.com/apartment-for-rent/amsterdam/daa49fbe/nieuwpoortstraat,Flat Nieuwpoortstraat,1850
https://www.pararius.com/apartment-for-rent/amsterdam/2a91e306/van-ostadestraat,Flat Van Ostadestraat 2 3,1950
https://www.pararius.com/apartment-for-rent/amsterdam/a963fe35/brouwersgracht,Flat Brouwersgracht,2000
https://www.pararius.com/apartment-for-rent/amsterdam/aa0878a3/westerstraat,Flat Westerstraat 248 I,2150
https://www.pararius.com/apartment-for-rent/amsterdam/71e09c72/valeriusstraat,Flat Valeriusstraat 113 III,2500
https://www.pararius.com/apartment-for-rent/amsterdam/d0c6d526/nieuwe-hoogstraat,Flat Nieuwe Hoogstraat 8 1,1975
https://www.pararius.com/apartment-for-rent/amsterdam/f13e083e/rustenburgerstraat,Flat Rustenburgerstraat 333 3,2250
https://www.pararius.com/apartment-for-rent/amsterdam/db4637fd/jacob-van-lennepstraat,Flat Jacob van Lennepstraat,2450
https://www.pararius.com/apartment-for-rent/amsterdam/6dd55a80/westerkade,Flat Westerkade,2250
https://www.pararius.com/apartment-for-rent/amsterdam/7d6f12d2/eerste-jan-van-der-heijdenstraat,Flat Eerste Jan van der Heijdenstraat 126 H,2950
https://www.pararius.com/apartment-for-rent/amsterdam/2ec26c69/olof-palmeplein,Flat Olof Palmeplein,1750
https://www.pararius.com/apartment-for-rent/amsterdam/81a19b76/zuidelijke-wandelweg,Flat Zuidelijke Wandelweg 103,3750
https://www.pararius.com/apartment-for-rent/amsterdam/720d3a8d/veerstraat,Flat Veerstraat,2100
https://www.pararius.com/apartment-for-rent/amsterdam/1b189167/roerstraat,Flat Roerstraat,2500
https://www.pararius.com/house-for-rent/amsterdam/adaa2289/victor-rutgersstraat,House Victor Rutgersstraat,3700
https://www.pararius.com/house-for-rent/amsterdam/5a52df53/victor-rutgersstraat,House Victor Rutgersstraat,4400
https://www.pararius.com/house-for-rent/amsterdam/cbe560ed/keizersgracht,House Keizersgracht 387 1e-C,2950
https://www.pararius.com/apartment-for-rent/amsterdam/cdb97b59/bolestein,Flat Bolestein 592,2350
https://www.pararius.com/apartment-for-rent/amsterdam/a4c019b0/reguliersgracht,Flat Reguliersgracht 50 G,2250
https://www.pararius.com/apartment-for-rent/amsterdam/391e5a74/brouwersgracht,Flat Brouwersgracht 623,2000
https://www.pararius.com/apartment-for-rent/amsterdam/73acbaa1/louise-de-colignystraat,Flat Louise de Colignystraat,2350
https://www.pararius.com/apartment-for-rent/amsterdam/8c926e08/bolestein,Flat Bolestein 592,2350
https://www.pararius.com/apartment-for-rent/amsterdam/74c791f7/fagelstraat,Flat Fagelstraat,1850
https://www.pararius.com/apartment-for-rent/amsterdam/fcd2404b/spaarndammerstraat,Flat Spaarndammerstraat 21 2,1850
https://www.pararius.com/apartment-for-rent/amsterdam/2dea72cd/oostelijke-handelskade,Flat Oostelijke Handelskade 1193,2500
https://www.pararius.com/apartment-for-rent/amsterdam/4afa5e9b/olympiaplein,Flat Olympiaplein,2700
https://www.pararius.com/apartment-for-rent/amsterdam/6764e5a1/oostelijke-handelskade,Flat Oostelijke Handelskade,2500
https://www.pararius.com/apartment-for-rent/amsterdam/6e166e89/van-boetzelaerstraat,Flat Van Boetzelaerstraat 36 H,1700
https://www.pararius.com/apartment-for-rent/amsterdam/1481cb8b/henri-polaklaan,Flat Henri Polaklaan 32 I,2950
https://www.pararius.com/apartment-for-rent/amsterdam/683beed9/daguerrestraat,Flat Daguerrestraat 35,2150
https://www.pararius.com/apartment-for-rent/amsterdam/3319f289/herengracht,Flat Herengracht,1950
https://www.pararius.com/apartment-for-rent/amsterdam/c10e1cff/amstelvlietstraat,Flat Amstelvlietstraat,2000
https://www.pararius.com/apartment-for-rent/amsterdam/b88c3303/lutmastraat,Flat Lutmastraat 7 1,2400
https://www.pararius.com/apartment-for-rent/amsterdam/48c40754/silodam,Flat Silodam 431,2500
https://www.pararius.com/apartment-for-rent/amsterdam/14386f7d/albert-cuypstraat,Flat Albert Cuypstraat 229 H,1850
https://www.pararius.com/apartment-for-rent/amsterdam/7a44f06b/van-ostadestraat,Flat Van Ostadestraat 378 hs,2000
https://www.pararius.com/apartment-for-rent/amsterdam/c1c13bd9/baarsjesweg,Flat Baarsjesweg 261 3,2600
https://www.pararius.com/apartment-for-rent/amsterdam/b1a45d04/frans-van-mierisstraat,Flat Frans van Mierisstraat,2650
https://www.pararius.com/apartment-for-rent/amsterdam/5b88636d/nova-zemblastraat,Flat Nova Zemblastraat,3250
https://www.pararius.com/apartment-for-rent/amsterdam/f870fe73/oudezijds-voorburgwal,Flat Oudezijds Voorburgwal,2650
https://www.pararius.com/apartment-for-rent/amsterdam/75d85987/jan-vrijmanstraat,Flat Jan Vrijmanstraat 337,2377
https://www.pararius.com/apartment-for-rent/amsterdam/7d6f12d2/eerste-jan-van-der-heijdenstraat,Flat Eerste Jan van der Heijdenstraat 126 H,2950
https://www.pararius.com/apartment-for-rent/amsterdam/fa619228/krooswijkhof,Flat Krooswijkhof 85,2600
https://www.pararius.com/apartment-for-rent/amsterdam/5874daca/okeghemstraat,Flat Okeghemstraat,5500
https://www.pararius.com/house-for-rent/amsterdam/fe43b66a/brouwersgracht,House Brouwersgracht 286 K,3000
https://www.pararius.com/apartment-for-rent/amsterdam/0327c29a/de-genestetstraat,Flat De Genestetstraat,2805
https://www.pararius.com/apartment-for-rent/amsterdam/1a91f152/rijnstraat,Flat Rijnstraat,2250
https://www.pararius.com/apartment-for-rent/amsterdam/f3054af7/rijnstraat,Flat Rijnstraat 61 A2,2750
https://www.pararius.com/house-for-rent/amsterdam/32c3441a/utrechtsedwarsstraat,House Utrechtsedwarsstraat 78,4250
https://www.pararius.com/apartment-for-rent/amsterdam/821c9d0d/rozengracht,Flat Rozengracht 26 I,2150
https://www.pararius.com/apartment-for-rent/amsterdam/7cdac83b/vespuccistraat,Flat Vespuccistraat 103,2000
https://www.pararius.com/apartment-for-rent/amsterdam/1ca8b682/james-cookstraat,Flat James Cookstraat,1975
https://www.pararius.com/apartment-for-rent/amsterdam/e8951d77/nicolaas-witsenkade,Flat Nicolaas Witsenkade,4000
https://www.pararius.com/apartment-for-rent/amsterdam/3726e21f/egelantiersgracht,Flat Egelantiersgracht,2450
https://www.pararius.com/apartment-for-rent/amsterdam/51a1d381/czaar-peterstraat,Flat Czaar Peterstraat 35 B,1800
https://www.pararius.com/apartment-for-rent/amsterdam/aae4aea5/eerste-jan-van-der-heijdenstraat,Flat Eerste Jan van der Heijdenstraat,2600
https://www.pararius.com/house-for-rent/amsterdam/2614b58e/ringvaartdijk,House Ringvaartdijk,5500
https://www.pararius.com/apartment-for-rent/amsterdam/c9d4b7a8/brouwersgracht,Flat Brouwersgracht,1950
https://www.pararius.com/apartment-for-rent/amsterdam/d263e0a4/herengracht,Flat Herengracht 278 C,2850
https://www.pararius.com/apartment-for-rent/amsterdam/60fb9cec/bernissestraat,Flat Bernissestraat 14 A,2750
https://www.pararius.com/apartment-for-rent/amsterdam/5976f854/keizersgracht,Flat Keizersgracht 445,9500
https://www.pararius.com/apartment-for-rent/amsterdam/bca0daa0/chet-bakerstraat,Flat Chet Bakerstraat,1950
https://www.pararius.com/house-for-rent/amsterdam/58b68bad/bongart,House Bongart,5250
https://www.pararius.com/apartment-for-rent/amsterdam/e1d458e2/oudezijds-achterburgwal,Flat Oudezijds Achterburgwal 79 E,2200
https://www.pararius.com/apartment-for-rent/amsterdam/806b894e/valeriusstraat,Flat Valeriusstraat,2250
https://www.pararius.com/apartment-for-rent/amsterdam/0ef84ab3/leeuwerikstraat,Flat Leeuwerikstraat,1975
https://www.pararius.com/apartment-for-rent/amsterdam/87d265a5/kloveniersburgwal,Flat Kloveniersburgwal 10 2,1800
https://www.pararius.com/apartment-for-rent/amsterdam/ccf5afd9/lijnbaansgracht,Flat Lijnbaansgracht 252 1,2650
https://www.pararius.com/apartment-for-rent/amsterdam/a6ea00a5/prinsengracht,Flat Prinsengracht 308 B,2750
https://www.pararius.com/apartment-for-rent/amsterdam/ad01e0ba/valeriusstraat,Flat Valeriusstraat 46 3,2250
https://www.pararius.com/apartment-for-rent/amsterdam/3816f701/singel,Flat Singel 518 B,2500
https://www.pararius.com/apartment-for-rent/amsterdam/a9434b08/kleiburg,Flat Kleiburg,1850
https://www.pararius.com/apartment-for-rent/amsterdam/89b48cb2/reyer-anslostraat,Flat Reyer Anslostraat 18 huis,3400
https://www.pararius.com/apartment-for-rent/amsterdam/99a80e8a/prinsengracht,Flat Prinsengracht 190 I-II,3450
https://www.pararius.com/apartment-for-rent/amsterdam/97bfa83b/gaaspstraat,Flat Gaaspstraat 25 1,2150
https://www.pararius.com/apartment-for-rent/amsterdam/0fc29fab/cornelis-schuytstraat,Flat Cornelis Schuytstraat,4250
https://www.pararius.com/house-for-rent/amsterdam/59d4f0d1/herengracht,House Herengracht 321,8000
https://www.pararius.com/apartment-for-rent/amsterdam/5e3c4754/marco-polostraat,Flat Marco Polostraat,1975
https://www.pararius.com/apartment-for-rent/amsterdam/343d7db4/raphaelstraat,Flat Raphaëlstraat,3500
https://www.pararius.com/apartment-for-rent/amsterdam/18feeb45/valeriusstraat,Flat Valeriusstraat 113 hs,8500
https://www.pararius.com/apartment-for-rent/amsterdam/87b49ae7/eemsstraat,Flat Eemsstraat 63 2,2450
https://www.pararius.com/apartment-for-rent/amsterdam/4b07fd15/geulstraat,Flat Geulstraat,2600
https://www.pararius.com/apartment-for-rent/amsterdam/5c24159c/rijnstraat,Flat Rijnstraat 244 II,2500
https://www.pararius.com/apartment-for-rent/amsterdam/cbc0b9c6/singel,Flat Singel,2550
https://www.pararius.com/apartment-for-rent/amsterdam/6a2ca18f/banne-buikslootlaan,Flat Banne Buikslootlaan,1950
https://www.pararius.com/house-for-rent/amsterdam/7a8ad258/utrechtsedwarsstraat,House Utrechtsedwarsstraat,5000
https://www.pararius.com/apartment-for-rent/amsterdam/83e31ab4/van-hogendorpplein,Flat Van Hogendorpplein,2500
https://www.pararius.com/apartment-for-rent/amsterdam/f6089845/prinsengracht,Flat Prinsengracht 79 P,2495
https://www.pararius.com/apartment-for-rent/amsterdam/bad9fef3/kea-boumanstraat,Flat Kea Boumanstraat,2750
https://www.pararius.com/apartment-for-rent/amsterdam/85d189d0/tweede-jacob-van-campenstraat,Flat Tweede Jacob van Campenstraat,4800
https://www.pararius.com/apartment-for-rent/amsterdam/c9f4afaa/fokke-simonszstraat,Flat Fokke Simonszstraat,5200
https://www.pararius.com/apartment-for-rent/amsterdam/62e24b13/fokke-simonszstraat,Flat Fokke Simonszstraat,5400
https://www.pararius.com/apartment-for-rent/amsterdam/72074189/fokke-simonszstraat,Flat Fokke Simonszstraat,4200
https://www.pararius.com/apartment-for-rent/amsterdam/cc0e49b2/wamelplein,Flat Wamelplein,1850
https://www.pararius.com/apartment-for-rent/amsterdam/9722f0b1/pieter-calandlaan,Flat Pieter Calandlaan,2000
https://www.pararius.com/apartment-for-rent/amsterdam/08f3e54d/nieuwe-kerkstraat,Flat Nieuwe Kerkstraat,2198
https://www.pararius.com/apartment-for-rent/amsterdam/a16c57d3/leidsegracht,Flat Leidsegracht 70,2450
https://www.pararius.com/apartment-for-rent/amsterdam/88eb3091/slangenburg,Flat Slangenburg 54,1825
https://www.pararius.com/apartment-for-rent/amsterdam/200b385d/van-heenvlietlaan,Flat Van Heenvlietlaan 166,3300
https://www.pararius.com/apartment-for-rent/amsterdam/b597f6b5/van-heenvlietlaan,Flat Van Heenvlietlaan 392 2,2450
https://www.pararius.com/apartment-for-rent/amsterdam/de491122/reinier-claeszenstraat,Flat Reinier Claeszenstraat,2750
https://www.pararius.com/apartment-for-rent/amsterdam/803ea9ec/leeuwendalersweg,Flat Leeuwendalersweg,2450
https://www.pararius.com/apartment-for-rent/amsterdam/b743ff51/karthuizersdwarsstraat,Flat Karthuizersdwarsstraat 18 C.,2950
https://www.pararius.com/apartment-for-rent/amsterdam/0983970c/vespuccistraat,Flat Vespuccistraat 65 2,1795
https://www.pararius.com/apartment-for-rent/amsterdam/99a80e8a/prinsengracht,Flat Prinsengracht 190 I-II,3450
https://www.pararius.com/apartment-for-rent/amsterdam/7d6f12d2/eerste-jan-van-der-heijdenstraat,Flat Eerste Jan van der Heijdenstraat 126 H,2950
https://www.pararius.com/apartment-for-rent/amsterdam/ca9aad3a/hageland,Flat Hageland 114 4,1950
https://www.pararius.com/apartment-for-rent/amsterdam/b4eef6ef/bickersgracht,Flat Bickersgracht,3250
https://www.pararius.com/apartment-for-rent/amsterdam/c1854358/cornelis-anthoniszstraat,Flat Cornelis Anthoniszstraat,2100
https://www.pararius.com/apartment-for-rent/amsterdam/7b5a7d47/fagelstraat,Flat Fagelstraat 78 2,1850
https://www.pararius.com/apartment-for-rent/amsterdam/bb4c1d37/johan-jongkindstraat,Flat Johan Jongkindstraat 150,2100
https://www.pararius.com/apartment-for-rent/amsterdam/0e43558e/jozef-israelskade,Flat Jozef Israëlskade,2150
https://www.pararius.com/apartment-for-rent/amsterdam/bdadb458/keizersgracht,Flat Keizersgracht 680 1,1850
https://www.pararius.com/apartment-for-rent/amsterdam/3f445ab8/ndsm-straat,Flat NDSM-straat,2150
https://www.pararius.com/apartment-for-rent/amsterdam/c5f24880/fagelstraat,Flat Fagelstraat 71 2,1825
https://www.pararius.com/apartment-for-rent/amsterdam/fc4ba626/scheldestraat,Flat Scheldestraat 31 4,2000
https://www.pararius.com/apartment-for-rent/amsterdam/726e8df5/burgemeester-tellegenstraat,Flat Burgemeester Tellegenstraat,2100
https://www.pararius.com/apartment-for-rent/amsterdam/7c3b520f/slijterstraat,Flat Slijterstraat 27,2100
https://www.pararius.com/apartment-for-rent/amsterdam/86034ae5/daniel-stalpertstraat,Flat Daniël Stalpertstraat,2000
https://www.pararius.com/apartment-for-rent/amsterdam/81498371/vrolikstraat,Flat Vrolikstraat,2450
https://www.pararius.com/apartment-for-rent/amsterdam/625ade92/pieter-calandlaan,Flat Pieter Calandlaan,1950
https://www.pararius.com/apartment-for-rent/amsterdam/a72aa146/witte-de-withstraat,Flat Witte de Withstraat 184 1,2400
https://www.pararius.com/apartment-for-rent/amsterdam/5aaeec24/herengracht,Flat Herengracht,2700
https://www.pararius.com/apartment-for-rent/amsterdam/77bd8afe/sarphatistraat,Flat Sarphatistraat,2250
https://www.pararius.com/apartment-for-rent/amsterdam/f82b63c2/gaasterlandstraat,Flat Gaasterlandstraat,2750
https://www.pararius.com/apartment-for-rent/amsterdam/52cd2018/leiduinstraat,Flat Leiduinstraat,2575
https://www.pararius.com/apartment-for-rent/amsterdam/b58d07e9/rokin,Flat Rokin,2975
https://www.pararius.com/apartment-for-rent/amsterdam/f640d5dc/piet-gijzenbrugstraat,Flat Piet Gijzenbrugstraat 17 H,2700
https://www.pararius.com/apartment-for-rent/amsterdam/ec535d90/vrijheidslaan,Flat Vrijheidslaan 4,2500
https://www.pararius.com/apartment-for-rent/amsterdam/981811bf/koninginneweg,Flat Koninginneweg,2000
https://www.pararius.com/room-for-rent/amsterdam/216e11a3/sint-willibrordusstraat,Room Sint Willibrordusstraat,1250
https://www.pararius.com/apartment-for-rent/amsterdam/8378ae79/julius-pergerstraat,Flat Julius Pergerstraat,1900
https://www.pararius.com/apartment-for-rent/amsterdam/af1451d6/badhuiskade,Flat Badhuiskade 97,1950
https://www.pararius.com/studio-for-rent/amsterdam/24702713/haarlemmerweg,Studio Haarlemmerweg,1625
https://www.pararius.com/apartment-for-rent/amsterdam/13bbb26c/radarweg,Flat Radarweg,3250
https://www.pararius.com/apartment-for-rent/amsterdam/faec0057/goudsbloemstraat,Flat Goudsbloemstraat 50 1,1900
https://www.pararius.com/apartment-for-rent/amsterdam/99a80e8a/prinsengracht,Flat Prinsengracht 190 I-II,3450
https://www.pararius.com/apartment-for-rent/amsterdam/6dd55a80/westerkade,Flat Westerkade,2250
https://www.pararius.com/apartment-for-rent/amsterdam/f29b23ff/roerstraat,Flat Roerstraat 67 hs,2950
https://www.pararius.com/apartment-for-rent/amsterdam/43df34dc/govert-flinckstraat,Flat Govert Flinckstraat 146 HS,2850
https://www.pararius.com/apartment-for-rent/amsterdam/f7544381/hoofdweg,Flat Hoofdweg,1950
https://www.pararius.com/apartment-for-rent/amsterdam/3b5eef31/eerste-keucheniusstraat,Flat Eerste Keucheniusstraat,1600
https://www.pararius.com/apartment-for-rent/amsterdam/705357c9/distelweg,Flat Distelweg,1925
https://www.pararius.com/apartment-for-rent/amsterdam/82f365e4/zuid-hollandstraat,Flat Zuid-Hollandstraat 20 1,2200
https://www.pararius.com/apartment-for-rent/amsterdam/26c1f287/stadionkade,Flat Stadionkade 70 2,2975
https://www.pararius.com/apartment-for-rent/amsterdam/612dfa95/stolwijkstraat,Flat Stolwijkstraat 11 HS,1850
https://www.pararius.com/apartment-for-rent/amsterdam/85e418f9/j-j-viottastraat,Flat J.J. Viottastraat 21 II,5500
https://www.pararius.com/apartment-for-rent/amsterdam/6df0b30a/oostenburgermiddenstraat,Flat Oostenburgermiddenstraat 16,1850
https://www.pararius.com/apartment-for-rent/amsterdam/c49ba329/runstraat,Flat Runstraat 32 I,3950
https://www.pararius.com/apartment-for-rent/amsterdam/c43c98a6/cornelis-trooststraat,Flat Cornelis Trooststraat 24 HS,2750
https://www.pararius.com/apartment-for-rent/amsterdam/b5540684/johannes-verhulststraat,Flat Johannes Verhulststraat,2450
https://www.pararius.com/apartment-for-rent/amsterdam/1eee0541/jacob-van-lennepkade,Flat Jacob van Lennepkade,2850
https://www.pararius.com/apartment-for-rent/amsterdam/b04c7a2e/jan-pieter-heijestraat,Flat Jan Pieter Heijestraat,1900
https://www.pararius.com/apartment-for-rent/amsterdam/bff3e1be/westerdok,Flat Westerdok 344,2400
https://www.pararius.com/apartment-for-rent/amsterdam/e0ed6318/tweede-constantijn-huygensstraat,Flat Tweede Constantijn Huygensstraat 71 2,2100
https://www.pararius.com/apartment-for-rent/amsterdam/29f43f8e/nassaukade,Flat Nassaukade,2150
https://www.pararius.com/apartment-for-rent/amsterdam/7d6f12d2/eerste-jan-van-der-heijdenstraat,Flat Eerste Jan van der Heijdenstraat 126 H,2950
https://www.pararius.com/apartment-for-rent/amsterdam/84ed5e29/jan-hanzenstraat,Flat Jan Hanzenstraat,1900
https://www.pararius.com/apartment-for-rent/amsterdam/be29b0c2/tweede-jacob-van-campenstraat,Flat Tweede Jacob van Campenstraat,1895
https://www.pararius.com/apartment-for-rent/amsterdam/53408f47/amstelkade,Flat Amstelkade 154 3,2950
https://www.pararius.com/apartment-for-rent/amsterdam/d4f2484f/bergmolen,Flat Bergmolen 59,1850
https://www.pararius.com/apartment-for-rent/amsterdam/856580bf/kanaalstraat,Flat Kanaalstraat 160 2,2450
https://www.pararius.com/apartment-for-rent/amsterdam/1cde4d71/admiraal-de-ruijterweg,Flat Admiraal De Ruijterweg,2100
https://www.pararius.com/apartment-for-rent/amsterdam/cb446a0d/apollolaan,Flat Apollolaan 117 F,4500
https://www.pararius.com/apartment-for-rent/amsterdam/c20379d1/paulus-potterstraat,Flat Paulus Potterstraat 40 IV+V,5650
https://www.pararius.com/apartment-for-rent/amsterdam/210f6480/pastelstraat,Flat Pastelstraat 6,1900
https://www.pararius.com/apartment-for-rent/amsterdam/b6bba626/eerste-hugo-de-grootstraat,Flat Eerste Hugo de Grootstraat,2700
https://www.pararius.com/apartment-for-rent/amsterdam/e361788e/geulstraat,Flat Geulstraat,2600
https://www.pararius.com/apartment-for-rent/amsterdam/9d07801b/van-breestraat,Flat Van Breestraat 191 H,12500
https://www.pararius.com/apartment-for-rent/amsterdam/74de917f/bilderdijkkade,Flat Bilderdijkkade 50 D5,3350
https://www.pararius.com/apartment-for-rent/amsterdam/4ff523e5/nicolaas-maesstraat,Flat Nicolaas Maesstraat 32 2 L,1850
https://www.pararius.com/apartment-for-rent/amsterdam/2039b66f/prinsengracht,Flat Prinsengracht,4450
https://www.pararius.com/apartment-for-rent/amsterdam/25adbff3/prinsengracht,Flat Prinsengracht,4250
https://www.pararius.com/apartment-for-rent/amsterdam/4a5c5598/prinsengracht,Flat Prinsengracht,4100
https://www.pararius.com/apartment-for-rent/amsterdam/c3e09d7d/het-hoogt,Flat Het Hoogt 454,2300
https://www.pararius.com/apartment-for-rent/amsterdam/81b28de1/weteringschans,Flat Weteringschans,2475
https://www.pararius.com/apartment-for-rent/amsterdam/44e3bdf3/frederiksplein,Flat Frederiksplein,2500
https://www.pararius.com/apartment-for-rent/amsterdam/ef947fd6/jacques-veltmanstraat,Flat Jacques Veltmanstraat,2150
https://www.pararius.com/apartment-for-rent/amsterdam/7c7f50d4/westerstraat,Flat Westerstraat 158 1,2950
https://www.pararius.com/apartment-for-rent/amsterdam/cb7dde56/middenweg,Flat Middenweg,1950
https://www.pararius.com/apartment-for-rent/amsterdam/87a3cb4e/middenweg,Flat Middenweg,1950
https://www.pararius.com/apartment-for-rent/amsterdam/75266f1d/amstelveenseweg,Flat Amstelveenseweg,2000
https://www.pararius.com/apartment-for-rent/amsterdam/79721fd8/van-nijenrodeweg,Flat Van Nijenrodeweg,2350
https://www.pararius.com/apartment-for-rent/amsterdam/80a171cd/kuipersstraat,Flat Kuipersstraat 71 3,2150
https://www.pararius.com/apartment-for-rent/amsterdam/bf820e35/maasstraat,Flat Maasstraat,2650
https://www.pararius.com/apartment-for-rent/amsterdam/1093d5a8/wilhelminastraat,Flat Wilhelminastraat 197 3,3250
https://www.pararius.com/apartment-for-rent/amsterdam/b4473a4b/baarsjesweg,Flat Baarsjesweg,2500
https://www.pararius.com/apartment-for-rent/amsterdam/4c01925f/waterlandplein,Flat Waterlandplein,1600
https://www.pararius.com/apartment-for-rent/amsterdam/8c923711/ertskade,Flat Ertskade,1250
https://www.pararius.com/house-for-rent/amsterdam/18f78cf0/van-boshuizenstraat,House Van Boshuizenstraat,4450
https://www.pararius.com/apartment-for-rent/amsterdam/bbd57409/tweede-oosterparkstraat,Flat Tweede Oosterparkstraat 302,2250
https://www.pararius.com/apartment-for-rent/amsterdam/f125bb67/kalkmarkt,Flat Kalkmarkt,2650
https://www.pararius.com/house-for-rent/amsterdam/9ad43f1f/van-nijenrodeweg,House Van Nijenrodeweg 901,2950
https://www.pararius.com/apartment-for-rent/amsterdam/7dd7f23f/jan-luijkenstraat,Flat Jan Luijkenstraat 8 I,3500
https://www.pararius.com/apartment-for-rent/amsterdam/afa6e4b2/koninginneweg,Flat Koninginneweg 175 III,2150
https://www.pararius.com/apartment-for-rent/amsterdam/a588eccb/roerstraat,Flat Roerstraat 22 3,2500
https://www.pararius.com/apartment-for-rent/amsterdam/98a2b2d7/van-tuyll-van-serooskerkenweg,Flat Van Tuyll van Serooskerkenweg 33 H,3700
https://www.pararius.com/apartment-for-rent/amsterdam/1a6daab9/eerste-weteringdwarsstraat,Flat Eerste Weteringdwarsstraat 48 A,1995
https://www.pararius.com/apartment-for-rent/amsterdam/9a76f8bd/simsonstraat,Flat Simsonstraat,2000
https://www.pararius.com/apartment-for-rent/amsterdam/ebb27ae7/veemkade,Flat Veemkade 1106,2700
https://www.pararius.com/apartment-for-rent/amsterdam/6dd55a80/westerkade,Flat Westerkade,2250
https://www.pararius.com/apartment-for-rent/amsterdam/74de917f/bilderdijkkade,Flat Bilderdijkkade 50 D5,3350
https://www.pararius.com/apartment-for-rent/amsterdam/52e44ca7/franz-zieglerstraat,Flat Franz Zieglerstraat,1900
https://www.pararius.com/apartment-for-rent/amsterdam/4770f1fd/prinsengracht,Flat Prinsengracht,2750
https://www.pararius.com/apartment-for-rent/amsterdam/2a13179a/veldhuizenstraat,Flat Veldhuizenstraat,1850
https://www.pararius.com/apartment-for-rent/amsterdam/219ff6a8/korte-leidsedwarsstraat,Flat Korte Leidsedwarsstraat,2350
https://www.pararius.com/apartment-for-rent/amsterdam/d3a98ab7/nieuwendijk,Flat Nieuwendijk,3200
https://www.pararius.com/apartment-for-rent/amsterdam/71ebe173/chassestraat,Flat Chasséstraat,2850
https://www.pararius.com/apartment-for-rent/amsterdam/8b129cb5/amstelkade,Flat Amstelkade,1400
https://www.pararius.com/house-for-rent/amsterdam/6a5ee94a/th-j-lammerslaan,House Th. J. Lammerslaan,2000
https://www.pararius.com/apartment-for-rent/amsterdam/83a8cb5e/sluisstraat,Flat Sluisstraat 50 1,1850
https://www.pararius.com/apartment-for-rent/amsterdam/248b1247/prinsengracht,Flat Prinsengracht,3500
https://www.pararius.com/apartment-for-rent/amsterdam/1b818500/wolvenstraat,Flat Wolvenstraat 8 1,2100
https://www.pararius.com/apartment-for-rent/amsterdam/d004b99d/westerdok,Flat Westerdok 674,2350
https://www.pararius.com/apartment-for-rent/amsterdam/b2973a67/den-texstraat,Flat Den Texstraat,4000
https://www.pararius.com/apartment-for-rent/amsterdam/c79ea6ce/cornelis-anthoniszstraat,Flat Cornelis Anthoniszstraat,2200
https://www.pararius.com/apartment-for-rent/amsterdam/e6c3a5bc/orteliusstraat,Flat Orteliusstraat 229,1995
https://www.pararius.com/apartment-for-rent/amsterdam/4806179b/van-ostadestraat,Flat Van Ostadestraat 181 1,2100
https://www.pararius.com/apartment-for-rent/amsterdam/1ff0c044/geuzenkade,Flat Geuzenkade 98 A,2995
https://www.pararius.com/apartment-for-rent/amsterdam/443a50f3/jan-kiststraat,Flat Jan Kiststraat 153,1850
https://www.pararius.com/apartment-for-rent/amsterdam/32e91715/tjerk-hiddes-de-vriesstraat,Flat Tjerk Hiddes de Vriesstraat,3250
https://www.pararius.com/apartment-for-rent/amsterdam/f831701a/willem-parelstraat,Flat Willem Parelstraat,2995
https://www.pararius.com/apartment-for-rent/amsterdam/5aeb6d19/singel,Flat Singel 463 G,8950
https://www.pararius.com/apartment-for-rent/amsterdam/53cad133/annie-romeinplein,Flat Annie Romeinplein,2650
https://www.pararius.com/apartment-for-rent/amsterdam/00ef7e25/grubbehoeve,Flat Grubbehoeve,2500
https://www.pararius.com/apartment-for-rent/amsterdam/afbd7f91/koningin-wilhelminaplein,Flat Koningin Wilhelminaplein,1925
https://www.pararius.com/apartment-for-rent/amsterdam/71c8020a/osdorper-ban,Flat Osdorper Ban,2175
https://www.pararius.com/apartment-for-rent/amsterdam/563dd8d3/tolstraat,Flat Tolstraat,2600
https://www.pararius.com/apartment-for-rent/amsterdam/d2d4e4e1/overhoeksparklaan,Flat Overhoeksparklaan 124,7500
https://www.pararius.com/apartment-for-rent/amsterdam/a3cf22cb/voetboogstraat,Flat Voetboogstraat 23 I,2250
https://www.pararius.com/apartment-for-rent/amsterdam/4c9aa677/allard-piersonstraat,Flat Allard Piersonstraat 7 II,2750
https://www.pararius.com/apartment-for-rent/amsterdam/6dd55a80/westerkade,Flat Westerkade,2250
https://www.pararius.com/apartment-for-rent/amsterdam/6dd55a80/westerkade,Flat Westerkade,2250
https://www.pararius.com/apartment-for-rent/amsterdam/7d6f12d2/eerste-jan-van-der-heijdenstraat,Flat Eerste Jan van der Heijdenstraat 126 H,2950
https://www.pararius.com/apartment-for-rent/amsterdam/aa0333cd/legmeerstraat,Flat Legmeerstraat,2350
https://www.pararius.com/apartment-for-rent/amsterdam/10b284d2/utrechtsestraat,Flat Utrechtsestraat,1950
https://www.pararius.com/apartment-for-rent/amsterdam/3ea6f156/president-kennedylaan,Flat President Kennedylaan,1895
https://www.pararius.com/apartment-for-rent/amsterdam/c55568be/uithoornstraat,Flat Uithoornstraat 1 H,2500
https://www.pararius.com/apartment-for-rent/amsterdam/42fae4a7/ben-van-meerendonkstraat,Flat Ben van Meerendonkstraat,2100
https://www.pararius.com/apartment-for-rent/amsterdam/f97fbf6e/tweede-weteringdwarsstraat,Flat Tweede Weteringdwarsstraat 3 O,2000
https://www.pararius.com/apartment-for-rent/amsterdam/d3cc2811/paardenstraat,Flat Paardenstraat 6,3250
https://www.pararius.com/apartment-for-rent/amsterdam/e7417aa9/van-tuyll-van-serooskerkenweg,Flat Van Tuyll van Serooskerkenweg,4500
https://www.pararius.com/apartment-for-rent/amsterdam/aae95f7b/omval,Flat Omval 187,2500
https://www.pararius.com/apartment-for-rent/amsterdam/b8880e3f/reinwardtstraat,Flat Reinwardtstraat,2850
https://www.pararius.com/apartment-for-rent/amsterdam/c53bc6d7/jacob-van-lennepstraat,Flat Jacob van Lennepstraat 7 I,2450
https://www.pararius.com/apartment-for-rent/amsterdam/f22fb9b5/prinsengracht,Flat Prinsengracht 110 bv,2250
https://www.pararius.com/apartment-for-rent/amsterdam/82f5ef89/archimedesweg,Flat Archimedesweg 10 3,1800
https://www.pararius.com/apartment-for-rent/amsterdam/a75ac65a/curacaostraat,Flat Curaçaostraat 78 HS,1800
https://www.pararius.com/apartment-for-rent/amsterdam/e4c9d3f7/banne-buikslootlaan,Flat Banne Buikslootlaan,2150
https://www.pararius.com/apartment-for-rent/amsterdam/446932ca/geldersekade,Flat Geldersekade,2050
https://www.pararius.com/apartment-for-rent/amsterdam/e241cc84/singel,Flat Singel,5500
https://www.pararius.com/apartment-for-rent/amsterdam/61ff951b/rubensstraat,Flat Rubensstraat,4550
https://www.pararius.com/apartment-for-rent/amsterdam/b6ff09fa/valkenburgerstraat,Flat Valkenburgerstraat 220,2050
https://www.pararius.com/apartment-for-rent/amsterdam/e4326212/karel-du-jardinstraat,Flat Karel du Jardinstraat 8 H,3000
https://www.pararius.com/apartment-for-rent/amsterdam/207451c4/james-cookstraat,Flat James Cookstraat,2000
https://www.pararius.com/apartment-for-rent/amsterdam/9182a761/valckenierstraat,Flat Valckenierstraat 1 2,2250
https://www.pararius.com/apartment-for-rent/amsterdam/e343960a/vossiusstraat,Flat Vossiusstraat 37 2 + 3,6000
https://www.pararius.com/apartment-for-rent/amsterdam/88491009/spuistraat,Flat Spuistraat 251 I,2400
https://www.pararius.com/studio-for-rent/amsterdam/f9801300/leidsestraat,Studio Leidsestraat,1255
https://www.pararius.com/apartment-for-rent/amsterdam/745d9368/boeninlaan,Flat Boeninlaan,1795
https://www.pararius.com/apartment-for-rent/amsterdam/0e958fe2/sijlhoff,Flat Sijlhoff,2100
https://www.pararius.com/apartment-for-rent/amsterdam/946610f8/prinsengracht,Flat Prinsengracht 673 A-2,2850
https://www.pararius.com/apartment-for-rent/amsterdam/020b1389/cornelis-anthoniszstraat,Flat Cornelis Anthoniszstraat,2100
https://www.pararius.com/apartment-for-rent/amsterdam/583976c8/ijdok,Flat IJdok 51,5250
https://www.pararius.com/apartment-for-rent/amsterdam/9d07801b/van-breestraat,Flat Van Breestraat 191 H,12500
https://www.pararius.com/apartment-for-rent/amsterdam/75d85987/jan-vrijmanstraat,Flat Jan Vrijmanstraat 337,2377
https://www.pararius.com/apartment-for-rent/amsterdam/e95bd12b/afroditekade,Flat Afroditekade 132 PP,2800
https://www.pararius.com/apartment-for-rent/amsterdam/f6c0b7c3/sluisstraat,Flat Sluisstraat 32 C,2150
https://www.pararius.com/house-for-rent/amsterdam/aa0c4d58/driedistelstraat,House Driedistelstraat 11,3500
https://www.pararius.com/apartment-for-rent/amsterdam/1e5d32c3/lomanstraat,Flat Lomanstraat,3950
https://www.pararius.com/apartment-for-rent/amsterdam/0898e7ab/eerste-jan-van-der-heijdenstraat,Flat Eerste Jan van der Heijdenstraat,3750
https://www.pararius.com/apartment-for-rent/amsterdam/cbf1cd0c/theo-frenkelhof,Flat Theo Frenkelhof 108,2200
https://www.pararius.com/apartment-for-rent/amsterdam/6b38832a/ijburglaan,Flat IJburglaan 1083,2450
https://www.pararius.com/apartment-for-rent/amsterdam/bcffc2ab/des-presstraat,Flat Des Présstraat 28 Hs,2450
https://www.pararius.com/apartment-for-rent/amsterdam/ee7e32d2/bloemgracht,Flat Bloemgracht,4950
https://www.pararius.com/apartment-for-rent/amsterdam/51e7f688/anjeliersstraat,Flat Anjeliersstraat 470 B,2950
https://www.pararius.com/apartment-for-rent/amsterdam/5f105ce3/mary-van-der-sluisstraat,Flat Mary van der Sluisstraat 284 *,2300
https://www.pararius.com/apartment-for-rent/amsterdam/fed38f40/van-ostadestraat,Flat Van Ostadestraat 54 4,1995
https://www.pararius.com/apartment-for-rent/amsterdam/355995f2/ceintuurbaan,Flat Ceintuurbaan 169 III,3250
https://www.pararius.com/apartment-for-rent/amsterdam/4b325dbd/groenburgwal,Flat Groenburgwal,2975
https://www.pararius.com/apartment-for-rent/amsterdam/b60cc55e/utrechtsedwarsstraat,Flat Utrechtsedwarsstraat,2950
https://www.pararius.com/house-for-rent/amsterdam/b14e41e1/nicolaas-witsenkade,House Nicolaas Witsenkade,1995
https://www.pararius.com/apartment-for-rent/amsterdam/1105abed/nassaukade,Flat Nassaukade 66 2,2600
https://www.pararius.com/apartment-for-rent/amsterdam/e3386507/gasthuismolensteeg,Flat Gasthuismolensteeg 10 A,2000
https://www.pararius.com/apartment-for-rent/amsterdam/ec946878/ridderspoorweg,Flat Ridderspoorweg,2750
https://www.pararius.com/house-for-rent/amsterdam/337fa2b5/alhambralaan,House Alhambralaan,3500
https://www.pararius.com/apartment-for-rent/amsterdam/9480281c/leidsekade,Flat Leidsekade 102 C,2700
https://www.pararius.com/apartment-for-rent/amsterdam/7b072169/buyskade,Flat Buyskade 138,1750
https://www.pararius.com/apartment-for-rent/amsterdam/00f53e3d/spaarndammerdijk,Flat Spaarndammerdijk,1950
https://www.pararius.com/house-for-rent/amsterdam/7de2608c/holtmeulen,House Holtmeulen 61,5500
https://www.pararius.com/apartment-for-rent/amsterdam/d43cdd2a/rooseveltlaan,Flat Rooseveltlaan 8 2,3250
https://www.pararius.com/apartment-for-rent/amsterdam/f3a9fcc0/ijburglaan,Flat IJburglaan 685,1975
https://www.pararius.com/apartment-for-rent/amsterdam/5150ebab/borgerstraat,Flat Borgerstraat,2500
https://www.pararius.com/apartment-for-rent/amsterdam/7e0ded60/oosterpark,Flat Oosterpark 62 2en3,5500
https://www.pararius.com/apartment-for-rent/amsterdam/26c51048/palmgracht,Flat Palmgracht,2500
https://www.pararius.com/apartment-for-rent/amsterdam/b6adb741/celebesstraat,Flat Celebesstraat,1950
https://www.pararius.com/apartment-for-rent/amsterdam/75d85987/jan-vrijmanstraat,Flat Jan Vrijmanstraat 337,2377
https://www.pararius.com/apartment-for-rent/amsterdam/7d6f12d2/eerste-jan-van-der-heijdenstraat,Flat Eerste Jan van der Heijdenstraat 126 H,2950
https://www.pararius.com/apartment-for-rent/amsterdam/cf4e1bc5/keizersgracht,Flat Keizersgracht 453 2A,2150
https://www.pararius.com/apartment-for-rent/amsterdam/c9e0b3e2/bilderdijkstraat,Flat Bilderdijkstraat,3250
https://www.pararius.com/apartment-for-rent/amsterdam/6c0e471e/noordermarkt,Flat Noordermarkt,1975
https://www.pararius.com/apartment-for-rent/amsterdam/83e8a0c0/palmstraat,Flat Palmstraat,2950
https://www.pararius.com/apartment-for-rent/amsterdam/8dcfcb68/pieter-aertszstraat,Flat Pieter Aertszstraat,1950
https://www.pararius.com/apartment-for-rent/amsterdam/1a165b90/beethovenstraat,Flat Beethovenstraat 73 A,2500
https://www.pararius.com/apartment-for-rent/amsterdam/ef159747/amstel,Flat Amstel,3620
https://www.pararius.com/apartment-for-rent/amsterdam/b98a463b/muntplein,Flat Muntplein 2 D,2250
https://www.pararius.com/apartment-for-rent/amsterdam/3e17f5a9/osdorpplein,Flat Osdorpplein,1500
https://www.pararius.com/apartment-for-rent/amsterdam/da22f43b/de-lairessestraat,Flat De Lairessestraat,3950
https://www.pararius.com/apartment-for-rent/amsterdam/9d44ec87/eerste-sweelinckstraat,Flat Eerste Sweelinckstraat,2650
https://www.pararius.com/apartment-for-rent/amsterdam/e64b0058/ferdinand-bolstraat,Flat Ferdinand Bolstraat,1850
https://www.pararius.com/apartment-for-rent/amsterdam/985e48a9/ridderspoorweg,Flat Ridderspoorweg 92,2850
https://www.pararius.com/apartment-for-rent/amsterdam/d6f690af/strackestraat,Flat Strackéstraat 147,2100
https://www.pararius.com/house-for-rent/amsterdam/361fb04d/da-costakade,House Da Costakade,2750
https://www.pararius.com/apartment-for-rent/amsterdam/5a159882/ferdinand-bolstraat,Flat Ferdinand Bolstraat,3650
https://www.pararius.com/apartment-for-rent/amsterdam/e014ffa3/tweede-weteringdwarsstraat,Flat Tweede Weteringdwarsstraat,3250
https://www.pararius.com/apartment-for-rent/amsterdam/2ba7ba51/singel,Flat Singel,2250
https://www.pararius.com/house-for-rent/amsterdam/bf91b7b9/brigantijnkade,House Brigantijnkade,3900
https://www.pararius.com/apartment-for-rent/amsterdam/4b77e491/pijnackerstraat,Flat Pijnackerstraat 22 huur,1800
https://www.pararius.com/house-for-rent/amsterdam/91d356fa/ringvaartdijk,House Ringvaartdijk,1750
https://www.pararius.com/apartment-for-rent/amsterdam/3f6d8af1/weteringschans,Flat Weteringschans,2200
https://www.pararius.com/apartment-for-rent/amsterdam/cdf1941e/nieuwe-uilenburgerstraat,Flat Nieuwe Uilenburgerstraat,2300
https://www.pararius.com/apartment-for-rent/amsterdam/ab1c4589/ferdinand-bolstraat,Flat Ferdinand Bolstraat,1850
https://www.pararius.com/apartment-for-rent/amsterdam/1aac7d9f/hildebrandstraat,Flat Hildebrandstraat,2250
https://www.pararius.com/apartment-for-rent/amsterdam/f8f7b2a4/anne-frankstraat,Flat Anne Frankstraat 107,3500
https://www.pararius.com/apartment-for-rent/amsterdam/a82f161f/nieuwendammerdijk,Flat Nieuwendammerdijk,2000
https://www.pararius.com/house-for-rent/amsterdam/efdcbebb/van-zeggelaarstraat,House Van Zeggelaarstraat,2500
https://www.pararius.com/apartment-for-rent/amsterdam/4951ce0a/curacaostraat,Flat Curaçaostraat 121 hs,2500
https://www.pararius.com/apartment-for-rent/amsterdam/5a921872/nida-senffstraat,Flat Nida Senffstraat 101 pp,1795
https://www.pararius.com/apartment-for-rent/amsterdam/89b48cb2/reyer-anslostraat,Flat Reyer Anslostraat 18 huis,3400
https://www.pararius.com/apartment-for-rent/amsterdam/7d6f12d2/eerste-jan-van-der-heijdenstraat,Flat Eerste Jan van der Heijdenstraat 126 H,2950
https://www.pararius.com/apartment-for-rent/amsterdam/e67742b5/driekoningenstraat,Flat Driekoningenstraat,2300
https://www.pararius.com/apartment-for-rent/amsterdam/ca7aac78/bilderdijkstraat,Flat Bilderdijkstraat 39 I,1900
https://www.pararius.com/apartment-for-rent/amsterdam/f4acbaf3/runstraat,Flat Runstraat 32,3950
https://www.pararius.com/apartment-for-rent/amsterdam/7722a890/prinsengracht,Flat Prinsengracht 407 A,2700
https://www.pararius.com/apartment-for-rent/amsterdam/c7fbb2c6/amstelveenseweg,Flat Amstelveenseweg,3000
https://www.pararius.com/apartment-for-rent/amsterdam/532ca898/jan-hanzenstraat,Flat Jan Hanzenstraat,2250
https://www.pararius.com/apartment-for-rent/amsterdam/aa7f6b8a/keizersgracht,Flat Keizersgracht 718 C,3000
https://www.pararius.com/apartment-for-rent/amsterdam/404d2290/runstraat,Flat Runstraat 2 A,2500
https://www.pararius.com/apartment-for-rent/amsterdam/5ebd938a/jan-van-galenstraat,Flat Jan van Galenstraat 173 3,2600
https://www.pararius.com/apartment-for-rent/amsterdam/6171d8d0/karel-doormanstraat,Flat Karel Doormanstraat,2100
https://www.pararius.com/apartment-for-rent/amsterdam/5ab9a903/boomstraat,Flat Boomstraat 17,3500
https://www.pararius.com/apartment-for-rent/amsterdam/c640cc1c/eerste-oosterparkstraat,Flat Eerste Oosterparkstraat 37 I,2050
https://www.pararius.com/apartment-for-rent/amsterdam/76d9cd55/eerste-jacob-van-campenstraat,Flat Eerste Jacob van Campenstraat,4250
https://www.pararius.com/house-for-rent/amsterdam/d28e7c72/kromme-waal,House Kromme Waal,3750
https://www.pararius.com/apartment-for-rent/amsterdam/049ce22c/kerkstraat,Flat Kerkstraat,2250
https://www.pararius.com/apartment-for-rent/amsterdam/567393ae/lauriergracht,Flat Lauriergracht 109 6,4500
https://www.pararius.com/apartment-for-rent/amsterdam/bc6208da/huidekoperstraat,Flat Huidekoperstraat,2250
https://www.pararius.com/apartment-for-rent/amsterdam/929821ab/uiterwaardenstraat,Flat Uiterwaardenstraat,2100
https://www.pararius.com/apartment-for-rent/amsterdam/8dd1c950/faas-wilkesstraat,Flat Faas Wilkesstraat 385,2000
https://www.pararius.com/apartment-for-rent/amsterdam/c750ec28/entrepotdok,Flat Entrepotdok,2500
https://www.pararius.com/apartment-for-rent/amsterdam/bcd6e7fe/griseldestraat,Flat Griseldestraat,1950
https://www.pararius.com/apartment-for-rent/amsterdam/16687932/cornelis-trooststraat,Flat Cornelis Trooststraat,1750
https://www.pararius.com/apartment-for-rent/amsterdam/0e5838dc/govert-flinckstraat,Flat Govert Flinckstraat 140 2,1965
https://www.pararius.com/apartment-for-rent/amsterdam/e31f1367/de-lairessestraat,Flat De Lairessestraat,7500
https://www.pararius.com/apartment-for-rent/amsterdam/9fc015db/ferdinand-bolstraat,Flat Ferdinand Bolstraat 134 3,3000
https://www.pararius.com/apartment-for-rent/amsterdam/ae50159d/amstel,Flat Amstel,2650
https://www.pararius.com/apartment-for-rent/amsterdam/43ce507b/van-spilbergenstraat,Flat Van Spilbergenstraat 27 3,1995
https://www.pararius.com/apartment-for-rent/amsterdam/44363bff/zocherstraat,Flat Zocherstraat 59 II.,2350
https://www.pararius.com/house-for-rent/amsterdam/a364d87b/van-boshuizenstraat,House Van Boshuizenstraat,2300
https://www.pararius.com/house-for-rent/amsterdam/030ab0c2/pasteurstraat,House Pasteurstraat 49 H,2200
https://www.pararius.com/apartment-for-rent/amsterdam/75d85987/jan-vrijmanstraat,Flat Jan Vrijmanstraat 337,2377
https://www.pararius.com/apartment-for-rent/amsterdam/7d6f12d2/eerste-jan-van-der-heijdenstraat,Flat Eerste Jan van der Heijdenstraat 126 H,2950
https://www.pararius.com/apartment-for-rent/amsterdam/b0f0153a/vrolikstraat,Flat Vrolikstraat,2200
https://www.pararius.com/apartment-for-rent/amsterdam/b9bbbf0d/ceintuurbaan,Flat Ceintuurbaan 131 1,2000
https://www.pararius.com/apartment-for-rent/amsterdam/652e9b0d/bachstraat,Flat Bachstraat 21 I,3950
https://www.pararius.com/apartment-for-rent/amsterdam/e89eea51/reguliersgracht,Flat Reguliersgracht,2450
https://www.pararius.com/apartment-for-rent/amsterdam/bfa0917d/van-boshuizenstraat,Flat Van Boshuizenstraat,1800
https://www.pararius.com/apartment-for-rent/amsterdam/ba1b378f/barentszplein,Flat Barentszplein 8 D,4250
https://www.pararius.com/apartment-for-rent/amsterdam/e541e7ac/jan-van-zutphenstraat,Flat Jan van Zutphenstraat,2150
https://www.pararius.com/apartment-for-rent/amsterdam/f773f954/nieuwe-leliestraat,Flat Nieuwe Leliestraat,5000
https://www.pararius.com/apartment-for-rent/amsterdam/c5b83f6e/prinsengracht,Flat Prinsengracht 560 3,1950
https://www.pararius.com/apartment-for-rent/amsterdam/2b4a738c/koningsstraat,Flat Koningsstraat 54 2,1950
https://www.pararius.com/house-for-rent/amsterdam/0bf331cb/maria-montessoristraat,House Maria Montessoristraat,2350
https://www.pararius.com/house-for-rent/amsterdam/eef722cd/admiraal-de-ruijterweg,House Admiraal De Ruijterweg 227 H,4000
https://www.pararius.com/apartment-for-rent/amsterdam/795ca530/vrijzicht,Flat Vrijzicht 126,1900
https://www.pararius.com/house-for-rent/amsterdam/370fc745/kortrijk,House Kortrijk,2400
https://www.pararius.com/apartment-for-rent/amsterdam/6357e30f/kloveniersburgwal,Flat Kloveniersburgwal 79 A,2300
https://www.pararius.com/apartment-for-rent/amsterdam/f1f026b5/oeverpad,Flat Oeverpad,2650
https://www.pararius.com/apartment-for-rent/amsterdam/b75b8af4/orteliusstraat,Flat Orteliusstraat,2750
https://www.pararius.com/apartment-for-rent/amsterdam/4379e8be/leliegracht,Flat Leliegracht,6500
https://www.pararius.com/apartment-for-rent/amsterdam/db4ff485/lia-doranastraat,Flat Lia Doranastraat,2250
https://www.pararius.com/apartment-for-rent/amsterdam/6217e58a/cliostraat,Flat Cliostraat,3450
https://www.pararius.com/apartment-for-rent/amsterdam/587785cb/reijnier-vinkeleskade,Flat Reijnier Vinkeleskade 64 D,5350
https://www.pararius.com/apartment-for-rent/amsterdam/11da4bd0/amstelveenseweg,Flat Amstelveenseweg,3300
https://www.pararius.com/apartment-for-rent/amsterdam/cec2eea7/scheldestraat,Flat Scheldestraat,2550
https://www.pararius.com/apartment-for-rent/amsterdam/efce2977/pieter-oosterhuisstraat,Flat Pieter Oosterhuisstraat,1925
https://www.pararius.com/apartment-for-rent/amsterdam/155f3f1c/weerdestein,Flat Weerdestein 35,3500
https://www.pararius.com/apartment-for-rent/amsterdam/1790c457/nieuwe-achtergracht,Flat Nieuwe Achtergracht,2950
https://www.pararius.com/apartment-for-rent/amsterdam/f8965e9a/parnassusweg,Flat Parnassusweg 177,2600
https://www.pararius.com/apartment-for-rent/amsterdam/5c0b6022/zomerdijkstraat,Flat Zomerdijkstraat,2400
https://www.pararius.com/apartment-for-rent/amsterdam/fbd74e5a/jan-van-riebeekstraat,Flat Jan van Riebeekstraat,2000
https://www.pararius.com/apartment-for-rent/amsterdam/30b75a8a/osdorpplein,Flat Osdorpplein 178,2500
https://www.pararius.com/apartment-for-rent/amsterdam/7d6f12d2/eerste-jan-van-der-heijdenstraat,Flat Eerste Jan van der Heijdenstraat 126 H,2950
https://www.pararius.com/apartment-for-rent/amsterdam/74de917f/bilderdijkkade,Flat Bilderdijkkade 50 D5,3350
https://www.pararius.com/apartment-for-rent/amsterdam/a3161d8f/de-kempenaerstraat,Flat De Kempenaerstraat 72 2,2250
https://www.pararius.com/apartment-for-rent/amsterdam/4f1e0d3f/timorplein,Flat Timorplein,2000
https://www.pararius.com/house-for-rent/amsterdam/9562bcc6/john-blankensteinstraat,House John Blankensteinstraat,2500
https://www.pararius.com/apartment-for-rent/amsterdam/3235ba7b/van-boshuizenstraat,Flat Van Boshuizenstraat,1995
https://www.pararius.com/house-for-rent/amsterdam/b21d0088/wierdestraat,House Wierdestraat 8,3000
https://www.pararius.com/apartment-for-rent/amsterdam/69e20c9c/herengracht,Flat Herengracht 40 D,4500
https://www.pararius.com/apartment-for-rent/amsterdam/a57a558f/veembroederhof,Flat Veembroederhof 197 IV,2500
https://www.pararius.com/apartment-for-rent/amsterdam/cab5a666/roelof-hartplein,Flat Roelof Hartplein,3650
https://www.pararius.com/apartment-for-rent/amsterdam/c04ba7d2/oudezijds-achterburgwal,Flat Oudezijds Achterburgwal 145 I,1975
https://www.pararius.com/apartment-for-rent/amsterdam/d190ddc7/madurastraat,Flat Madurastraat 37 2,1850
https://www.pararius.com/apartment-for-rent/amsterdam/4fd673c9/kazernestraat,Flat Kazernestraat,2200
https://www.pararius.com/apartment-for-rent/amsterdam/74f243da/nieuwendijk,Flat Nieuwendijk,1850
https://www.pararius.com/apartment-for-rent/amsterdam/ec81dd8d/valkenburgerstraat,Flat Valkenburgerstraat,2750
https://www.pararius.com/apartment-for-rent/amsterdam/a079806b/marnixkade,Flat Marnixkade,2250
https://www.pararius.com/apartment-for-rent/amsterdam/01535724/gerard-brandtstraat,Flat Gerard Brandtstraat,2250
https://www.pararius.com/apartment-for-rent/amsterdam/b3440846/johann-keplerstraat,Flat Johann Keplerstraat,2975
https://www.pararius.com/apartment-for-rent/amsterdam/aa573faf/rooseveltlaan,Flat Rooseveltlaan,1750
https://www.pararius.com/house-for-rent/amsterdam/3bbbcbca/nadezjda-mandelstamstraat,House Nadezjda Mandelstamstraat,2550
https://www.pararius.com/apartment-for-rent/amsterdam/a8f24252/tesselschadestraat,Flat Tesselschadestraat,2575
https://www.pararius.com/apartment-for-rent/amsterdam/e05c675f/ottho-heldringstraat,Flat Ottho Heldringstraat 31 M,3000
https://www.pararius.com/apartment-for-rent/amsterdam/e14edcff/diezestraat,Flat Diezestraat 36 2,2650
https://www.pararius.com/apartment-for-rent/amsterdam/3807d06a/fred-roeskestraat,Flat Fred. Roeskestraat 88 b2,2600
https://www.pararius.com/apartment-for-rent/amsterdam/8c80a4a3/reguliersdwarsstraat,Flat Reguliersdwarsstraat,2050
https://www.pararius.com/apartment-for-rent/amsterdam/6cd77f23/julius-pergerstraat,Flat Julius Pergerstraat,2200
https://www.pararius.com/apartment-for-rent/amsterdam/42d377fc/bosrankstraat,Flat Bosrankstraat,4500
https://www.pararius.com/apartment-for-rent/amsterdam/746bbc90/paramaribostraat,Flat Paramaribostraat,2975
https://www.pararius.com/apartment-for-rent/amsterdam/4e26f8c8/ferdinand-bolstraat,Flat Ferdinand Bolstraat 8 2B,1850
https://www.pararius.com/apartment-for-rent/amsterdam/0965a48b/spuistraat,Flat Spuistraat 229 A,2500
https://www.pararius.com/apartment-for-rent/amsterdam/690b0618/postjeskade,Flat Postjeskade,2150
https://www.pararius.com/apartment-for-rent/amsterdam/80a40e50/wilhelminastraat,Flat Wilhelminastraat 103 2,2150
https://www.pararius.com/apartment-for-rent/amsterdam/89b48cb2/reyer-anslostraat,Flat Reyer Anslostraat 18 huis,3400
https://www.pararius.com/apartment-for-rent/amsterdam/6dd55a80/westerkade,Flat Westerkade,2250
https://www.pararius.com/apartment-for-rent/amsterdam/45c662c1/kwintsheulstraat,Flat Kwintsheulstraat 60,2250
https://www.pararius.com/apartment-for-rent/amsterdam/29aed5ae/hugo-de-vrieslaan,Flat Hugo de Vrieslaan,2889
https://www.pararius.com/apartment-for-rent/amsterdam/c0eeca5b/hoofdweg,Flat Hoofdweg 522,2400
https://www.pararius.com/apartment-for-rent/amsterdam/282a14fd/haarlemmerstraat,Flat Haarlemmerstraat 15,2500
https://www.pararius.com/apartment-for-rent/amsterdam/c4ffc48a/cilliersstraat,Flat Cilliersstraat 8 A,2150
https://www.pararius.com/apartment-for-rent/amsterdam/5f80606f/cornelis-springerstraat,Flat Cornelis Springerstraat 20 hs,2250
https://www.pararius.com/apartment-for-rent/amsterdam/9df03698/kloveniersburgwal,Flat Kloveniersburgwal 121 C,2850
https://www.pararius.com/apartment-for-rent/amsterdam/812e8cc9/sumatrastraat,Flat Sumatrastraat,1650
https://www.pararius.com/apartment-for-rent/amsterdam/f8a731b9/sloterkade,Flat Sloterkade,2500
https://www.pararius.com/house-for-rent/amsterdam/237f4437/kinrooistraat,House Kinrooistraat,2750
https://www.pararius.com/apartment-for-rent/amsterdam/59113406/afroditekade,Flat Afroditekade,3000
https://www.pararius.com/house-for-rent/amsterdam/f6fc2034/planciusstraat,House Planciusstraat,2750
https://www.pararius.com/apartment-for-rent/amsterdam/4834a585/badhuiskade,Flat Badhuiskade 185,2600
https://www.pararius.com/apartment-for-rent/amsterdam/6564a761/albert-cuypstraat,Flat Albert Cuypstraat,2650
https://www.pararius.com/apartment-for-rent/amsterdam/55a8291f/zuid-hollandstraat,Flat Zuid-Hollandstraat 94 2,2400
https://www.pararius.com/apartment-for-rent/amsterdam/4f33c2ce/van-baerlestraat,Flat Van Baerlestraat 15 3,4250
https://www.pararius.com/apartment-for-rent/amsterdam/77e578fc/carolina-macgillavrylaan,Flat Carolina MacGillavrylaan,2000
https://www.pararius.com/house-for-rent/amsterdam/2a01d8a1/durgerdammerdijk,House Durgerdammerdijk 175,2250
https://www.pararius.com/apartment-for-rent/amsterdam/e15eb939/funenpark,Flat Funenpark 320,2150
https://www.pararius.com/apartment-for-rent/amsterdam/080f3375/eerste-atjehstraat,Flat Eerste Atjehstraat,1895
https://www.pararius.com/apartment-for-rent/amsterdam/bba1f66d/prinsengracht,Flat Prinsengracht 301 C,3950
https://www.pararius.com/apartment-for-rent/amsterdam/e4bf9698/henriette-ronnerstraat,Flat Henriëtte Ronnerstraat 15 hs,2250
https://www.pararius.com/apartment-for-rent/amsterdam/f0a1dada/quinten-massijsstraat,Flat Quinten Massijsstraat 6 2,2725
https://www.pararius.com/apartment-for-rent/amsterdam/f77ea0d7/dusartstraat,Flat Dusartstraat 13 B,2750
https://www.pararius.com/apartment-for-rent/amsterdam/47d9e7ce/solitudolaan,Flat Solitudolaan 216 PP,3750
https://www.pararius.com/house-for-rent/amsterdam/3509f4bc/daguerrestraat,House Daguerrestraat 120,2300
https://www.pararius.com/apartment-for-rent/amsterdam/e990a358/lodewijk-boisotstraat,Flat Lodewijk Boisotstraat 8 1,1900
https://www.pararius.com/house-for-rent/amsterdam/b211ac55/akbarstraat,House Akbarstraat 59,2800
https://www.pararius.com/apartment-for-rent/amsterdam/07d59f91/stadhouderskade,Flat Stadhouderskade 144 1,2850
https://www.pararius.com/apartment-for-rent/amsterdam/ce5a0421/korsjespoortsteeg,Flat Korsjespoortsteeg,1150
